<?xml version="1.0" encoding="UTF-8"?>
<project-private xmlns="http://www.netbeans.org/ns/project-private/1">
    <editor-bookmarks xmlns="http://www.netbeans.org/ns/editor-bookmarks/2" lastBookmarkId="0"/>
    <open-files xmlns="http://www.netbeans.org/ns/projectui-open-files/2">
        <group>
            <file>file:/C:/Users/omkar/OneDrive/Desktop/adv%20java/NetBeansProjects/advjava_project/web/categories.jsp</file>
            <file>file:/C:/Users/omkar/OneDrive/Desktop/adv%20java/NetBeansProjects/advjava_project/web/adminpanel.jsp</file>
            <file>file:/C:/Users/omkar/OneDrive/Desktop/adv%20java/NetBeansProjects/advjava_project/src/java/AdminProductServlet.java</file>
        </group>
    </open-files>
</project-private>
